positive_prior,negetive_prior
0.7149419729206963,0.28505802707930367
